Workbook

Sheet 工资核算表
A1: 姓名 | B1: 部门 | C1: 职务 | D1: 入职时间 | E1: 基本工资 | F1: 工龄 | G1: 工龄工资 | H1: 绩效奖金 | I1: 岗位津贴 | J1: 应付工资 | K1: 社保扣款 | L1: 应扣所得税 | M1: 实发工资
A2: 刘勇 | B2: 业务部 | C2: 技术员 | D2: 41886 | E2: 5000 | F2: =DATEDIF(D2,TODAY(),"Y") -> 7 | G2: =IF(F2<4,F2*50,F2*100) -> 700 | H2: 450 | I2: =VLOOKUP(C2,职务津贴表!$A$1:$B$8,2,FALSE) -> 650 | J2: =E2+G2+H2+I2 -> 6800 | K2: 380 | L2: 25.2 | M2: =J2-K2-L2 -> 6394.8
A3: 蒋小智 | B3: 生产部 | C3: 专员 | D3: 40787 | E3: 3500 | F3: =DATEDIF(D3,TODAY(),"Y") -> 10 | G3: =IF(F3<4,F3*50,F3*100) -> 1000 | H3: 380 | I3: =VLOOKUP(C3,职务津贴表!$A$1:$B$8,2,FALSE) -> 700 | J3: =E3+G3+H3+I3 -> 5580 | K3: 440 | L3: 27.2 | M3: =J3-K3-L3 -> 5112.8
A4: 吴磊 | B4: 行政部 | C4: 技术员 | D4: 40257 | E4: 5000 | F4: =DATEDIF(D4,TODAY(),"Y") -> 12 | G4: =IF(F4<4,F4*50,F4*100) -> 1200 | H4: 400 | I4: =VLOOKUP(C4,职务津贴表!$A$1:$B$8,2,FALSE) -> 650 | J4: =E4+G4+H4+I4 -> 7250 | K4: 440 | L4: 27.2 | M4: =J4-K4-L4 -> 6782.8
A5: 吴盼盼 | B5: 生产部 | C5: 专员 | D5: 40824 | E5: 3500 | F5: =DATEDIF(D5,TODAY(),"Y") -> 10 | G5: =IF(F5<4,F5*50,F5*100) -> 1000 | H5: 400 | I5: =VLOOKUP(C5,职务津贴表!$A$1:$B$8,2,FALSE) -> 700 | J5: =E5+G5+H5+I5 -> 5600 | K5: 440 | L5: 27.2 | M5: =J5-K5-L5 -> 5132.8
A6: 孙乾 | B6: 业务部 | C6: 经理 | D6: 39676 | E6: 6000 | F6: =DATEDIF(D6,TODAY(),"Y") -> 13 | G6: =IF(F6<4,F6*50,F6*100) -> 1300 | H6: 680 | I6: =VLOOKUP(C6,职务津贴表!$A$1:$B$8,2,FALSE) -> 900 | J6: =E6+G6+H6+I6 -> 8880 | K6: 380 | L6: 25.2 | M6: =J6-K6-L6 -> 8474.8
A7: 刘东 | B7: 行政部 | C7: 经理 | D7: 39911 | E7: 8500 | F7: =DATEDIF(D7,TODAY(),"Y") -> 13 | G7: =IF(F7<4,F7*50,F7*100) -> 1300 | H7: 500 | I7: =VLOOKUP(C7,职务津贴表!$A$1:$B$8,2,FALSE) -> 900 | J7: =E7+G7+H7+I7 -> 11200 | K7: 440 | L7: 27.2 | M7: =J7-K7-L7 -> 10732.8
A8: 张婷 | B8: 财务部 | C8: 会计 | D8: 43224 | E8: 5000 | F8: =DATEDIF(D8,TODAY(),"Y") -> 4 | G8: =IF(F8<4,F8*50,F8*100) -> 400 | H8: 200 | I8: =VLOOKUP(C8,职务津贴表!$A$1:$B$8,2,FALSE) -> 1000 | J8: =E8+G8+H8+I8 -> 6600 | K8: 0 | L8: 0 | M8: =J8-K8-L8 -> 6600
A9: 刘珂 | B9: 财务部 | C9: 出纳 | D9: 43260 | E9: 2900 | F9: =DATEDIF(D9,TODAY(),"Y") -> 4 | G9: =IF(F9<4,F9*50,F9*100) -> 400 | H9: 200 | I9: =VLOOKUP(C9,职务津贴表!$A$1:$B$8,2,FALSE) -> 500 | J9: =E9+G9+H9+I9 -> 4000 | K9: 0 | L9: 0 | M9: =J9-K9-L9 -> 4000
A10: 吴美玲 | B10: 设计部 | C10: 经理 | D10: 41157 | E10: 8000 | F10: =DATEDIF(D10,TODAY(),"Y") -> 9 | G10: =IF(F10<4,F10*50,F10*100) -> 900 | H10: 580 | I10: =VLOOKUP(C10,职务津贴表!$A$1:$B$8,2,FALSE) -> 900 | J10: =E10+G10+H10+I10 -> 10380 | K10: 440 | L10: 27.2 | M10: =J10-K10-L10 -> 9912.8
A11: 阮瑀 | B11: 设计部 | C11: 设计师 | D11: 40394 | E11: 4500 | F11: =DATEDIF(D11,TODAY(),"Y") -> 11 | G11: =IF(F11<4,F11*50,F11*100) -> 1100 | H11: 400 | I11: =VLOOKUP(C11,职务津贴表!$A$1:$B$8,2,FALSE) -> 800 | J11: =E11+G11+H11+I11 -> 6800 | K11: 440 | L11: 27.2 | M11: =J11-K11-L11 -> 6332.8
A12: 赵富强 | B12: 业务部 | C12: 专员 | D12: 43260 | E12: 3500 | F12: =DATEDIF(D12,TODAY(),"Y") -> 4 | G12: =IF(F12<4,F12*50,F12*100) -> 400 | H12: 380 | I12: =VLOOKUP(C12,职务津贴表!$A$1:$B$8,2,FALSE) -> 700 | J12: =E12+G12+H12+I12 -> 4980 | K12: 440 | L12: 27.2 | M12: =J12-K12-L12 -> 4512.8
A13: 张可 | B13: 财务部 | C13: 会计 | D13: 40642 | E13: 4500 | F13: =DATEDIF(D13,TODAY(),"Y") -> 11 | G13: =IF(F13<4,F13*50,F13*100) -> 1100 | H13: 450 | I13: =VLOOKUP(C13,职务津贴表!$A$1:$B$8,2,FALSE) -> 1000 | J13: =E13+G13+H13+I13 -> 7050 | K13: 380 | L13: 25.2 | M13: =J13-K13-L13 -> 6644.8
... A21: 吴浩 | B21: 业务部 | C21: 实习 | D21: 41039 | E21: 3000 | F21: =DATEDIF(D21,TODAY(),"Y") -> 10 | G21: =IF(F21<4,F21*50,F21*100) -> 1000 | H21: 400 | I21: =VLOOKUP(C21,职务津贴表!$A$1:$B$8,2,FALSE) -> 400 | J21: =E21+G21+H21+I21 -> 4800 | K21: 440 | L21: 27.2 | M21: =J21-K21-L21 -> 4332.8

Sheet 职务津贴表
A1: 职位 | B1: 职务津贴费
A2: 技术员 | B2: 650
A3: 专员 | B3: 700
A4: 经理 | B4: 900
A5: 设计师 | B5: 800
A6: 实习 | B6: 400
A7: 会计 | B7: 1000
A8: 出纳 | B8: 500

Sheet 工资条
A1: 姓名 | B1: 部门 | C1: 职务 | D1: 入职时间 | E1: 基本工资 | F1: 工龄 | G1: 工龄工资 | H1: 绩效奖金 | I1: 岗位津贴 | J1: 应付工资 | K1: 社保扣款 | L1: 应扣所得税 | M1: 实发工资
A2: =OFFSET(工资核算表!$A$1,ROW()/3+1,COLUMN()-1) -> 刘勇 | B2: =OFFSET(工资核算表!$A$1,ROW()/3+1,COLUMN()-1) -> 业务部 | C2: =OFFSET(工资核算表!$A$1,ROW()/3+1,COLUMN()-1) -> 技术员 | D2: =OFFSET(工资核算表!$A$1,ROW()/3+1,COLUMN()-1) -> 41886 | E2: =OFFSET(工资核算表!$A$1,ROW()/3+1,COLUMN()-1) -> 5000 | F2: =OFFSET(工资核算表!$A$1,ROW()/3+1,COLUMN()-1) -> 7 | G2: =OFFSET(工资核算表!$A$1,ROW()/3+1,COLUMN()-1) -> 700 | H2: =OFFSET(工资核算表!$A$1,ROW()/3+1,COLUMN()-1) -> 450 | ... M2: =OFFSET(工资核算表!$A$1,ROW()/3+1,COLUMN()-1) -> 6394.8
A4: 姓名 | B4: 部门 | C4: 职务 | D4: 入职时间 | E4: 基本工资 | F4: 工龄 | G4: 工龄工资 | H4: 绩效奖金 | I4: 岗位津贴 | J4: 应付工资 | K4: 社保扣款 | L4: 应扣所得税 | M4: 实发工资
A5: =OFFSET(工资核算表!$A$1,ROW()/3+1,COLUMN()-1) -> 蒋小智 | B5: =OFFSET(工资核算表!$A$1,ROW()/3+1,COLUMN()-1) -> 生产部 | C5: =OFFSET(工资核算表!$A$1,ROW()/3+1,COLUMN()-1) -> 专员 | D5: =OFFSET(工资核算表!$A$1,ROW()/3+1,COLUMN()-1) -> 40787 | E5: =OFFSET(工资核算表!$A$1,ROW()/3+1,COLUMN()-1) -> 3500 | F5: =OFFSET(工资核算表!$A$1,ROW()/3+1,COLUMN()-1) -> 10 | G5: =OFFSET(工资核算表!$A$1,ROW()/3+1,COLUMN()-1) -> 1000 | H5: =OFFSET(工资核算表!$A$1,ROW()/3+1,COLUMN()-1) -> 380 | ... M5: =OFFSET(工资核算表!$A$1,ROW()/3+1,COLUMN()-1) -> 5112.8
A7: 姓名 | B7: 部门 | C7: 职务 | D7: 入职时间 | E7: 基本工资 | F7: 工龄 | G7: 工龄工资 | H7: 绩效奖金 | I7: 岗位津贴 | J7: 应付工资 | K7: 社保扣款 | L7: 应扣所得税 | M7: 实发工资
A8: =OFFSET(工资核算表!$A$1,ROW()/3+1,COLUMN()-1) -> 吴磊 | B8: =OFFSET(工资核算表!$A$1,ROW()/3+1,COLUMN()-1) -> 行政部 | C8: =OFFSET(工资核算表!$A$1,ROW()/3+1,COLUMN()-1) -> 技术员 | D8: =OFFSET(工资核算表!$A$1,ROW()/3+1,COLUMN()-1) -> 40257 | E8: =OFFSET(工资核算表!$A$1,ROW()/3+1,COLUMN()-1) -> 5000 | F8: =OFFSET(工资核算表!$A$1,ROW()/3+1,COLUMN()-1) -> 12 | G8: =OFFSET(工资核算表!$A$1,ROW()/3+1,COLUMN()-1) -> 1200 | H8: =OFFSET(工资核算表!$A$1,ROW()/3+1,COLUMN()-1) -> 400 | ... M8: =OFFSET(工资核算表!$A$1,ROW()/3+1,COLUMN()-1) -> 6782.8
A10: 姓名 | B10: 部门 | C10: 职务 | D10: 入职时间 | E10: 基本工资 | F10: 工龄 | G10: 工龄工资 | H10: 绩效奖金 | I10: 岗位津贴 | J10: 应付工资 | K10: 社保扣款 | L10: 应扣所得税 | M10: 实发工资
A11: =OFFSET(工资核算表!$A$1,ROW()/3+1,COLUMN()-1) -> 吴盼盼 | B11: =OFFSET(工资核算表!$A$1,ROW()/3+1,COLUMN()-1) -> 生产部 | C11: =OFFSET(工资核算表!$A$1,ROW()/3+1,COLUMN()-1) -> 专员 | D11: =OFFSET(工资核算表!$A$1,ROW()/3+1,COLUMN()-1) -> 40824 | E11: =OFFSET(工资核算表!$A$1,ROW()/3+1,COLUMN()-1) -> 3500 | F11: =OFFSET(工资核算表!$A$1,ROW()/3+1,COLUMN()-1) -> 10 | G11: =OFFSET(工资核算表!$A$1,ROW()/3+1,COLUMN()-1) -> 1000 | H11: =OFFSET(工资核算表!$A$1,ROW()/3+1,COLUMN()-1) -> 400 | ... M11: =OFFSET(工资核算表!$A$1,ROW()/3+1,COLUMN()-1) -> 5132.8
A13: 姓名 | B13: 部门 | C13: 职务 | D13: 入职时间 | E13: 基本工资 | F13: 工龄 | G13: 工龄工资 | H13: 绩效奖金 | I13: 岗位津贴 | J13: 应付工资 | K13: 社保扣款 | L13: 应扣所得税 | M13: 实发工资
A14: =OFFSET(工资核算表!$A$1,ROW()/3+1,COLUMN()-1) -> 孙乾 | B14: =OFFSET(工资核算表!$A$1,ROW()/3+1,COLUMN()-1) -> 业务部 | C14: =OFFSET(工资核算表!$A$1,ROW()/3+1,COLUMN()-1) -> 经理 | D14: =OFFSET(工资核算表!$A$1,ROW()/3+1,COLUMN()-1) -> 39676 | E14: =OFFSET(工资核算表!$A$1,ROW()/3+1,COLUMN()-1) -> 6000 | F14: =OFFSET(工资核算表!$A$1,ROW()/3+1,COLUMN()-1) -> 13 | G14: =OFFSET(工资核算表!$A$1,ROW()/3+1,COLUMN()-1) -> 1300 | H14: =OFFSET(工资核算表!$A$1,ROW()/3+1,COLUMN()-1) -> 680 | ... M14: =OFFSET(工资核算表!$A$1,ROW()/3+1,COLUMN()-1) -> 8474.8
A16: 姓名 | B16: 部门 | C16: 职务 | D16: 入职时间 | E16: 基本工资 | F16: 工龄 | G16: 工龄工资 | H16: 绩效奖金 | I16: 岗位津贴 | J16: 应付工资 | K16: 社保扣款 | L16: 应扣所得税 | M16: 实发工资
A17: =OFFSET(工资核算表!$A$1,ROW()/3+1,COLUMN()-1) -> 刘东 | B17: =OFFSET(工资核算表!$A$1,ROW()/3+1,COLUMN()-1) -> 行政部 | C17: =OFFSET(工资核算表!$A$1,ROW()/3+1,COLUMN()-1) -> 经理 | D17: =OFFSET(工资核算表!$A$1,ROW()/3+1,COLUMN()-1) -> 39911 | E17: =OFFSET(工资核算表!$A$1,ROW()/3+1,COLUMN()-1) -> 8500 | F17: =OFFSET(工资核算表!$A$1,ROW()/3+1,COLUMN()-1) -> 13 | G17: =OFFSET(工资核算表!$A$1,ROW()/3+1,COLUMN()-1) -> 1300 | H17: =OFFSET(工资核算表!$A$1,ROW()/3+1,COLUMN()-1) -> 500 | ... M17: =OFFSET(工资核算表!$A$1,ROW()/3+1,COLUMN()-1) -> 10732.8
A19: 姓名 | B19: 部门 | C19: 职务 | D19: 入职时间 | E19: 基本工资 | F19: 工龄 | G19: 工龄工资 | H19: 绩效奖金 | I19: 岗位津贴 | J19: 应付工资 | K19: 社保扣款 | L19: 应扣所得税 | M19: 实发工资
A20: =OFFSET(工资核算表!$A$1,ROW()/3+1,COLUMN()-1) -> 张婷 | B20: =OFFSET(工资核算表!$A$1,ROW()/3+1,COLUMN()-1) -> 财务部 | C20: =OFFSET(工资核算表!$A$1,ROW()/3+1,COLUMN()-1) -> 会计 | D20: =OFFSET(工资核算表!$A$1,ROW()/3+1,COLUMN()-1) -> 43224 | E20: =OFFSET(工资核算表!$A$1,ROW()/3+1,COLUMN()-1) -> 5000 | F20: =OFFSET(工资核算表!$A$1,ROW()/3+1,COLUMN()-1) -> 4 | G20: =OFFSET(工资核算表!$A$1,ROW()/3+1,COLUMN()-1) -> 400 | H20: =OFFSET(工资核算表!$A$1,ROW()/3+1,COLUMN()-1) -> 200 | ... M20: =OFFSET(工资核算表!$A$1,ROW()/3+1,COLUMN()-1) -> 6600
A22: 姓名 | B22: 部门 | C22: 职务 | D22: 入职时间 | E22: 基本工资 | F22: 工龄 | G22: 工龄工资 | H22: 绩效奖金 | I22: 岗位津贴 | J22: 应付工资 | K22: 社保扣款 | L22: 应扣所得税 | M22: 实发工资
A23: =OFFSET(工资核算表!$A$1,ROW()/3+1,COLUMN()-1) -> 刘珂 | B23: =OFFSET(工资核算表!$A$1,ROW()/3+1,COLUMN()-1) -> 财务部 | C23: =OFFSET(工资核算表!$A$1,ROW()/3+1,COLUMN()-1) -> 出纳 | D23: =OFFSET(工资核算表!$A$1,ROW()/3+1,COLUMN()-1) -> 43260 | E23: =OFFSET(工资核算表!$A$1,ROW()/3+1,COLUMN()-1) -> 2900 | F23: =OFFSET(工资核算表!$A$1,ROW()/3+1,COLUMN()-1) -> 4 | G23: =OFFSET(工资核算表!$A$1,ROW()/3+1,COLUMN()-1) -> 400 | H23: =OFFSET(工资核算表!$A$1,ROW()/3+1,COLUMN()-1) -> 200 | ... M23: =OFFSET(工资核算表!$A$1,ROW()/3+1,COLUMN()-1) -> 4000
A25: 姓名 | B25: 部门 | C25: 职务 | D25: 入职时间 | E25: 基本工资 | F25: 工龄 | G25: 工龄工资 | H25: 绩效奖金 | I25: 岗位津贴 | J25: 应付工资 | K25: 社保扣款 | L25: 应扣所得税 | M25: 实发工资
A26: =OFFSET(工资核算表!$A$1,ROW()/3+1,COLUMN()-1) -> 吴美玲 | B26: =OFFSET(工资核算表!$A$1,ROW()/3+1,COLUMN()-1) -> 设计部 | C26: =OFFSET(工资核算表!$A$1,ROW()/3+1,COLUMN()-1) -> 经理 | D26: =OFFSET(工资核算表!$A$1,ROW()/3+1,COLUMN()-1) -> 41157 | E26: =OFFSET(工资核算表!$A$1,ROW()/3+1,COLUMN()-1) -> 8000 | F26: =OFFSET(工资核算表!$A$1,ROW()/3+1,COLUMN()-1) -> 9 | G26: =OFFSET(工资核算表!$A$1,ROW()/3+1,COLUMN()-1) -> 900 | H26: =OFFSET(工资核算表!$A$1,ROW()/3+1,COLUMN()-1) -> 580 | ... M26: =OFFSET(工资核算表!$A$1,ROW()/3+1,COLUMN()-1) -> 9912.8
A28: 姓名 | B28: 部门 | C28: 职务 | D28: 入职时间 | E28: 基本工资 | F28: 工龄 | G28: 工龄工资 | H28: 绩效奖金 | I28: 岗位津贴 | J28: 应付工资 | K28: 社保扣款 | L28: 应扣所得税 | M28: 实发工资
A29: =OFFSET(工资核算表!$A$1,ROW()/3+1,COLUMN()-1) -> 阮瑀 | B29: =OFFSET(工资核算表!$A$1,ROW()/3+1,COLUMN()-1) -> 设计部 | C29: =OFFSET(工资核算表!$A$1,ROW()/3+1,COLUMN()-1) -> 设计师 | D29: =OFFSET(工资核算表!$A$1,ROW()/3+1,COLUMN()-1) -> 40394 | E29: =OFFSET(工资核算表!$A$1,ROW()/3+1,COLUMN()-1) -> 4500 | F29: =OFFSET(工资核算表!$A$1,ROW()/3+1,COLUMN()-1) -> 11 | G29: =OFFSET(工资核算表!$A$1,ROW()/3+1,COLUMN()-1) -> 1100 | H29: =OFFSET(工资核算表!$A$1,ROW()/3+1,COLUMN()-1) -> 400 | ... M29: =OFFSET(工资核算表!$A$1,ROW()/3+1,COLUMN()-1) -> 6332.8
A31: 姓名 | B31: 部门 | C31: 职务 | D31: 入职时间 | E31: 基本工资 | F31: 工龄 | G31: 工龄工资 | H31: 绩效奖金 | I31: 岗位津贴 | J31: 应付工资 | K31: 社保扣款 | L31: 应扣所得税 | M31: 实发工资
A32: =OFFSET(工资核算表!$A$1,ROW()/3+1,COLUMN()-1) -> 赵富强 | B32: =OFFSET(工资核算表!$A$1,ROW()/3+1,COLUMN()-1) -> 业务部 | C32: =OFFSET(工资核算表!$A$1,ROW()/3+1,COLUMN()-1) -> 专员 | D32: =OFFSET(工资核算表!$A$1,ROW()/3+1,COLUMN()-1) -> 43260 | E32: =OFFSET(工资核算表!$A$1,ROW()/3+1,COLUMN()-1) -> 3500 | F32: =OFFSET(工资核算表!$A$1,ROW()/3+1,COLUMN()-1) -> 4 | G32: =OFFSET(工资核算表!$A$1,ROW()/3+1,COLUMN()-1) -> 400 | H32: =OFFSET(工资核算表!$A$1,ROW()/3+1,COLUMN()-1) -> 380 | ... M32: =OFFSET(工资核算表!$A$1,ROW()/3+1,COLUMN()-1) -> 4512.8
A34: 姓名 | B34: 部门 | C34: 职务 | D34: 入职时间 | E34: 基本工资 | F34: 工龄 | G34: 工龄工资 | H34: 绩效奖金 | I34: 岗位津贴 | J34: 应付工资 | K34: 社保扣款 | L34: 应扣所得税 | M34: 实发工资
A35: =OFFSET(工资核算表!$A$1,ROW()/3+1,COLUMN()-1) -> 张可 | B35: =OFFSET(工资核算表!$A$1,ROW()/3+1,COLUMN()-1) -> 财务部 | C35: =OFFSET(工资核算表!$A$1,ROW()/3+1,COLUMN()-1) -> 会计 | D35: =OFFSET(工资核算表!$A$1,ROW()/3+1,COLUMN()-1) -> 40642 | E35: =OFFSET(工资核算表!$A$1,ROW()/3+1,COLUMN()-1) -> 4500 | F35: =OFFSET(工资核算表!$A$1,ROW()/3+1,COLUMN()-1) -> 11 | G35: =OFFSET(工资核算表!$A$1,ROW()/3+1,COLUMN()-1) -> 1100 | H35: =OFFSET(工资核算表!$A$1,ROW()/3+1,COLUMN()-1) -> 450 | ... M35: =OFFSET(工资核算表!$A$1,ROW()/3+1,COLUMN()-1) -> 6644.8
A37: 姓名 | B37: 部门 | C37: 职务 | D37: 入职时间 | E37: 基本工资 | F37: 工龄 | G37: 工龄工资 | H37: 绩效奖金 | I37: 岗位津贴 | J37: 应付工资 | K37: 社保扣款 | L37: 应扣所得税 | M37: 实发工资
A38: =OFFSET(工资核算表!$A$1,ROW()/3+1,COLUMN()-1) -> 江丽 | B38: =OFFSET(工资核算表!$A$1,ROW()/3+1,COLUMN()-1) -> 行政部 | C38: =OFFSET(工资核算表!$A$1,ROW()/3+1,COLUMN()-1) -> 实习 | D38: =OFFSET(工资核算表!$A$1,ROW()/3+1,COLUMN()-1) -> 41154 | E38: =OFFSET(工资核算表!$A$1,ROW()/3+1,COLUMN()-1) -> 2500 | F38: =OFFSET(工资核算表!$A$1,ROW()/3+1,COLUMN()-1) -> 9 | G38: =OFFSET(工资核算表!$A$1,ROW()/3+1,COLUMN()-1) -> 900 | H38: =OFFSET(工资核算表!$A$1,ROW()/3+1,COLUMN()-1) -> 420 | ... M38: =OFFSET(工资核算表!$A$1,ROW()/3+1,COLUMN()-1) -> 3752.8
A40: 姓名 | B40: 部门 | C40: 职务 | D40: 入职时间 | E40: 基本工资 | F40: 工龄 | G40: 工龄工资 | H40: 绩效奖金 | I40: 岗位津贴 | J40: 应付工资 | K40: 社保扣款 | L40: 应扣所得税 | M40: 实发工资
A41: =OFFSET(工资核算表!$A$1,ROW()/3+1,COLUMN()-1) -> 郑青 | B41: =OFFSET(工资核算表!$A$1,ROW()/3+1,COLUMN()-1) -> 生产部 | C41: =OFFSET(工资核算表!$A$1,ROW()/3+1,COLUMN()-1) -> 经理 | D41: =OFFSET(工资核算表!$A$1,ROW()/3+1,COLUMN()-1) -> 39943 | E41: =OFFSET(工资核算表!$A$1,ROW()/3+1,COLUMN()-1) -> 7000 | F41: =OFFSET(工资核算表!$A$1,ROW()/3+1,COLUMN()-1) -> 13 | G41: =OFFSET(工资核算表!$A$1,ROW()/3+1,COLUMN()-1) -> 1300 | H41: =OFFSET(工资核算表!$A$1,ROW()/3+1,COLUMN()-1) -> 600 | ... M41: =OFFSET(工资核算表!$A$1,ROW()/3+1,COLUMN()-1) -> 9394.8
A43: 姓名 | B43: 部门 | C43: 职务 | D43: 入职时间 | E43: 基本工资 | F43: 工龄 | G43: 工龄工资 | H43: 绩效奖金 | I43: 岗位津贴 | J43: 应付工资 | K43: 社保扣款 | L43: 应扣所得税 | M43: 实发工资
A44: =OFFSET(工资核算表!$A$1,ROW()/3+1,COLUMN()-1) -> 王蕾 | B44: =OFFSET(工资核算表!$A$1,ROW()/3+1,COLUMN()-1) -> 生产部 | C44: =OFFSET(工资核算表!$A$1,ROW()/3+1,COLUMN()-1) -> 技术员 | D44: =OFFSET(工资核算表!$A$1,ROW()/3+1,COLUMN()-1) -> 40733 | E44: =OFFSET(工资核算表!$A$1,ROW()/3+1,COLUMN()-1) -> 4500 | F44: =OFFSET(工资核算表!$A$1,ROW()/3+1,COLUMN()-1) -> 11 | G44: =OFFSET(工资核算表!$A$1,ROW()/3+1,COLUMN()-1) -> 1100 | H44: =OFFSET(工资核算表!$A$1,ROW()/3+1,COLUMN()-1) -> 480 | ... M44: =OFFSET(工资核算表!$A$1,ROW()/3+1,COLUMN()-1) -> 6262.8
A46: 姓名 | B46: 部门 | C46: 职务 | D46: 入职时间 | E46: 基本工资 | F46: 工龄 | G46: 工龄工资 | H46: 绩效奖金 | I46: 岗位津贴 | J46: 应付工资 | K46: 社保扣款 | L46: 应扣所得税 | M46: 实发工资
A47: =OFFSET(工资核算表!$A$1,ROW()/3+1,COLUMN()-1) -> 蒋芳芳 | B47: =OFFSET(工资核算表!$A$1,ROW()/3+1,COLUMN()-1) -> 设计部 | C47: =OFFSET(工资核算表!$A$1,ROW()/3+1,COLUMN()-1) -> 设计师 | D47: =OFFSET(工资核算表!$A$1,ROW()/3+1,COLUMN()-1) -> 41434 | E47: =OFFSET(工资核算表!$A$1,ROW()/3+1,COLUMN()-1) -> 4500 | F47: =OFFSET(工资核算表!$A$1,ROW()/3+1,COLUMN()-1) -> 9 | G47: =OFFSET(工资核算表!$A$1,ROW()/3+1,COLUMN()-1) -> 900 | H47: =OFFSET(工资核算表!$A$1,ROW()/3+1,COLUMN()-1) -> 400 | ... M47: =OFFSET(工资核算表!$A$1,ROW()/3+1,COLUMN()-1) -> 6132.8
A49: 姓名 | B49: 部门 | C49: 职务 | D49: 入职时间 | E49: 基本工资 | F49: 工龄 | G49: 工龄工资 | H49: 绩效奖金 | I49: 岗位津贴 | J49: 应付工资 | K49: 社保扣款 | L49: 应扣所得税 | M49: 实发工资
A50: =OFFSET(工资核算表!$A$1,ROW()/3+1,COLUMN()-1) -> 刘晓莉 | B50: =OFFSET(工资核算表!$A$1,ROW()/3+1,COLUMN()-1) -> 行政部 | C50: =OFFSET(工资核算表!$A$1,ROW()/3+1,COLUMN()-1) -> 专员 | D50: =OFFSET(工资核算表!$A$1,ROW()/3+1,COLUMN()-1) -> 41904 | E50: =OFFSET(工资核算表!$A$1,ROW()/3+1,COLUMN()-1) -> 4800 | F50: =OFFSET(工资核算表!$A$1,ROW()/3+1,COLUMN()-1) -> 7 | G50: =OFFSET(工资核算表!$A$1,ROW()/3+1,COLUMN()-1) -> 700 | H50: =OFFSET(工资核算表!$A$1,ROW()/3+1,COLUMN()-1) -> 500 | ... M50: =OFFSET(工资核算表!$A$1,ROW()/3+1,COLUMN()-1) -> 6232.8
A52: 姓名 | B52: 部门 | C52: 职务 | D52: 入职时间 | E52: 基本工资 | F52: 工龄 | G52: 工龄工资 | H52: 绩效奖金 | I52: 岗位津贴 | J52: 应付工资 | K52: 社保扣款 | L52: 应扣所得税 | M52: 实发工资
A53: =OFFSET(工资核算表!$A$1,ROW()/3+1,COLUMN()-1) -> 丁凯 | B53: =OFFSET(工资核算表!$A$1,ROW()/3+1,COLUMN()-1) -> 生产部 | C53: =OFFSET(工资核算表!$A$1,ROW()/3+1,COLUMN()-1) -> 实习 | D53: =OFFSET(工资核算表!$A$1,ROW()/3+1,COLUMN()-1) -> 43282 | E53: =OFFSET(工资核算表!$A$1,ROW()/3+1,COLUMN()-1) -> 2900 | F53: =OFFSET(工资核算表!$A$1,ROW()/3+1,COLUMN()-1) -> 4 | G53: =OFFSET(工资核算表!$A$1,ROW()/3+1,COLUMN()-1) -> 400 | H53: =OFFSET(工资核算表!$A$1,ROW()/3+1,COLUMN()-1) -> 200 | ... M53: =OFFSET(工资核算表!$A$1,ROW()/3+1,COLUMN()-1) -> 3900
A55: 姓名 | B55: 部门 | C55: 职务 | D55: 入职时间 | E55: 基本工资 | F55: 工龄 | G55: 工龄工资 | H55: 绩效奖金 | I55: 岗位津贴 | J55: 应付工资 | K55: 社保扣款 | L55: 应扣所得税 | M55: 实发工资
A56: =OFFSET(工资核算表!$A$1,ROW()/3+1,COLUMN()-1) -> 赵明曼 | B56: =OFFSET(工资核算表!$A$1,ROW()/3+1,COLUMN()-1) -> 生产部 | C56: =OFFSET(工资核算表!$A$1,ROW()/3+1,COLUMN()-1) -> 技术员 | D56: =OFFSET(工资核算表!$A$1,ROW()/3+1,COLUMN()-1) -> 40441 | E56: =OFFSET(工资核算表!$A$1,ROW()/3+1,COLUMN()-1) -> 5800 | F56: =OFFSET(工资核算表!$A$1,ROW()/3+1,COLUMN()-1) -> 11 | G56: =OFFSET(工资核算表!$A$1,ROW()/3+1,COLUMN()-1) -> 1100 | H56: =OFFSET(工资核算表!$A$1,ROW()/3+1,COLUMN()-1) -> 200 | ... M56: =OFFSET(工资核算表!$A$1,ROW()/3+1,COLUMN()-1) -> 7750
A58: 姓名 | B58: 部门 | C58: 职务 | D58: 入职时间 | E58: 基本工资 | F58: 工龄 | G58: 工龄工资 | H58: 绩效奖金 | I58: 岗位津贴 | J58: 应付工资 | K58: 社保扣款 | L58: 应扣所得税 | M58: 实发工资
A59: =OFFSET(工资核算表!$A$1,ROW()/3+1,COLUMN()-1) -> 吴浩 | B59: =OFFSET(工资核算表!$A$1,ROW()/3+1,COLUMN()-1) -> 业务部 | C59: =OFFSET(工资核算表!$A$1,ROW()/3+1,COLUMN()-1) -> 实习 | D59: =OFFSET(工资核算表!$A$1,ROW()/3+1,COLUMN()-1) -> 41039 | E59: =OFFSET(工资核算表!$A$1,ROW()/3+1,COLUMN()-1) -> 3000 | F59: =OFFSET(工资核算表!$A$1,ROW()/3+1,COLUMN()-1) -> 10 | G59: =OFFSET(工资核算表!$A$1,ROW()/3+1,COLUMN()-1) -> 1000 | H59: =OFFSET(工资核算表!$A$1,ROW()/3+1,COLUMN()-1) -> 400 | ... M59: =OFFSET(工资核算表!$A$1,ROW()/3+1,COLUMN()-1) -> 4332.8

Sheet Sheet4
A1: 姓名 | B1: 部门 | C1: 职务 | D1: 入职时间 | E1: 基本工资 | F1: 工龄 | G1: 工龄工资 | H1: 绩效奖金 | I1: 岗位津贴 | J1: 应付工资 | K1: 社保扣款 | L1: 应扣所得税 | M1: 实发工资
A2: 刘勇 | B2: 业务部 | C2: 技术员 | D2: 41886 | E2: 5000 | F2: =DATEDIF(D2,TODAY(),"Y") -> 7 | G2: =IF(F2<4,F2*50,F2*100) -> 700 | H2: 450 | I2: =VLOOKUP(C2,职务津贴表!$A$1:$B$8,2,FALSE) -> 650 | J2: =E2+G2+H2+I2 -> 6800 | K2: 380 | L2: 25.2 | M2: =J2-K2-L2 -> 6394.8
A3: 蒋小智 | B3: 生产部 | C3: 专员 | D3: 40787 | E3: 3500 | F3: =DATEDIF(D3,TODAY(),"Y") -> 10 | G3: =IF(F3<4,F3*50,F3*100) -> 1000 | H3: 380 | I3: =VLOOKUP(C3,职务津贴表!$A$1:$B$8,2,FALSE) -> 700 | J3: =E3+G3+H3+I3 -> 5580 | K3: 440 | L3: 27.2 | M3: =J3-K3-L3 -> 5112.8
A4: 吴磊 | B4: 行政部 | C4: 技术员 | D4: 40257 | E4: 5000 | F4: =DATEDIF(D4,TODAY(),"Y") -> 12 | G4: =IF(F4<4,F4*50,F4*100) -> 1200 | H4: 400 | I4: =VLOOKUP(C4,职务津贴表!$A$1:$B$8,2,FALSE) -> 650 | J4: =E4+G4+H4+I4 -> 7250 | K4: 440 | L4: 27.2 | M4: =J4-K4-L4 -> 6782.8
A5: 吴盼盼 | B5: 生产部 | C5: 专员 | D5: 40824 | E5: 3500 | F5: =DATEDIF(D5,TODAY(),"Y") -> 10 | G5: =IF(F5<4,F5*50,F5*100) -> 1000 | H5: 400 | I5: =VLOOKUP(C5,职务津贴表!$A$1:$B$8,2,FALSE) -> 700 | J5: =E5+G5+H5+I5 -> 5600 | K5: 440 | L5: 27.2 | M5: =J5-K5-L5 -> 5132.8
A6: 孙乾 | B6: 业务部 | C6: 经理 | D6: 39676 | E6: 6000 | F6: =DATEDIF(D6,TODAY(),"Y") -> 13 | G6: =IF(F6<4,F6*50,F6*100) -> 1300 | H6: 680 | I6: =VLOOKUP(C6,职务津贴表!$A$1:$B$8,2,FALSE) -> 900 | J6: =E6+G6+H6+I6 -> 8880 | K6: 380 | L6: 25.2 | M6: =J6-K6-L6 -> 8474.8
A7: 刘东 | B7: 行政部 | C7: 经理 | D7: 39911 | E7: 8500 | F7: =DATEDIF(D7,TODAY(),"Y") -> 13 | G7: =IF(F7<4,F7*50,F7*100) -> 1300 | H7: 500 | I7: =VLOOKUP(C7,职务津贴表!$A$1:$B$8,2,FALSE) -> 900 | J7: =E7+G7+H7+I7 -> 11200 | K7: 440 | L7: 27.2 | M7: =J7-K7-L7 -> 10732.8
A8: 张婷 | B8: 财务部 | C8: 会计 | D8: 43224 | E8: 5000 | F8: =DATEDIF(D8,TODAY(),"Y") -> 4 | G8: =IF(F8<4,F8*50,F8*100) -> 400 | H8: 200 | I8: =VLOOKUP(C8,职务津贴表!$A$1:$B$8,2,FALSE) -> 1000 | J8: =E8+G8+H8+I8 -> 6600 | K8: 0 | L8: 0 | M8: =J8-K8-L8 -> 6600
A9: 刘珂 | B9: 财务部 | C9: 出纳 | D9: 43260 | E9: 2900 | F9: =DATEDIF(D9,TODAY(),"Y") -> 4 | G9: =IF(F9<4,F9*50,F9*100) -> 400 | H9: 200 | I9: =VLOOKUP(C9,职务津贴表!$A$1:$B$8,2,FALSE) -> 500 | J9: =E9+G9+H9+I9 -> 4000 | K9: 0 | L9: 0 | M9: =J9-K9-L9 -> 4000
A10: 吴美玲 | B10: 设计部 | C10: 经理 | D10: 41157 | E10: 8000 | F10: =DATEDIF(D10,TODAY(),"Y") -> 9 | G10: =IF(F10<4,F10*50,F10*100) -> 900 | H10: 580 | I10: =VLOOKUP(C10,职务津贴表!$A$1:$B$8,2,FALSE) -> 900 | J10: =E10+G10+H10+I10 -> 10380 | K10: 440 | L10: 27.2 | M10: =J10-K10-L10 -> 9912.8
A11: 阮瑀 | B11: 设计部 | C11: 设计师 | D11: 40394 | E11: 4500 | F11: =DATEDIF(D11,TODAY(),"Y") -> 11 | G11: =IF(F11<4,F11*50,F11*100) -> 1100 | H11: 400 | I11: =VLOOKUP(C11,职务津贴表!$A$1:$B$8,2,FALSE) -> 800 | J11: =E11+G11+H11+I11 -> 6800 | K11: 440 | L11: 27.2 | M11: =J11-K11-L11 -> 6332.8
A12: 赵富强 | B12: 业务部 | C12: 专员 | D12: 43260 | E12: 3500 | F12: =DATEDIF(D12,TODAY(),"Y") -> 4 | G12: =IF(F12<4,F12*50,F12*100) -> 400 | H12: 380 | I12: =VLOOKUP(C12,职务津贴表!$A$1:$B$8,2,FALSE) -> 700 | J12: =E12+G12+H12+I12 -> 4980 | K12: 440 | L12: 27.2 | M12: =J12-K12-L12 -> 4512.8
A13: 张可 | B13: 财务部 | C13: 会计 | D13: 40642 | E13: 4500 | F13: =DATEDIF(D13,TODAY(),"Y") -> 11 | G13: =IF(F13<4,F13*50,F13*100) -> 1100 | H13: 450 | I13: =VLOOKUP(C13,职务津贴表!$A$1:$B$8,2,FALSE) -> 1000 | J13: =E13+G13+H13+I13 -> 7050 | K13: 380 | L13: 25.2 | M13: =J13-K13-L13 -> 6644.8
... A21: 吴浩 | B21: 业务部 | C21: 实习 | D21: 41039 | E21: 3000 | F21: =DATEDIF(D21,TODAY(),"Y") -> 10 | G21: =IF(F21<4,F21*50,F21*100) -> 1000 | H21: 400 | I21: =VLOOKUP(C21,职务津贴表!$A$1:$B$8,2,FALSE) -> 400 | J21: =E21+G21+H21+I21 -> 4800 | K21: 440 | L21: 27.2 | M21: =J21-K21-L21 -> 4332.8
